{
  "competitions": [
    {
      "id": 182,
      "name": "140 BPM",
      "location": "București",
      "county": "B",
      "year_2026": "",
      "year_2025": "Sat 12-Apr",
      "year_2024": "Sat 5-Oct",
      "year_2023": ""
    },
    {
      "id": 140,
      "name": "1Run",
      "location": "București",
      "county": "B",
      "year_2026": "Thu 1-Jan",
      "year_2025": "",
      "year_2024": "",
      "year_2023": ""
    },
    {
      "id": 18,
      "name": "2x2 Race",
      "location": "Bâlea Lac",
      "county": "SB",
      "year_2026": "Sat 22-Aug",
      "year_2025": "Sat 23-Aug",
      "year_2024": "Sat 24-Aug",
      "year_2023": "Sat 19-Aug"
    },
    {
      "id": 149,
      "name": "Accenture Heroes Challenge",
      "location": "Cluj-Napoca",
      "county": "CJ",
      "year_2026": "Sun 24-May",
      "year_2025": "Sun 25-May",
      "year_2024": "",
      "year_2023": ""
    },
    {
      "id": 223,
      "name": "Active Hub Forest Run",
      "location": "Cluj-Napoca",
      "county": "CJ",
      "year_2026": "",
      "year_2025": "Sat 31-May",
      "year_2024": "",
      "year_2023": ""
    },
    {
      "id": 318,
      "name": "Aiud Green Run",
      "location": "Aiud",
      "county": "AB",
      "year_2026": "",
      "year_2025": "Sat 13-Sep",
      "year_2024": "Sat 14-Sep",
      "year_2023": "Sat 16-Sep"
    },
    {
      "id": 216,
      "name": "Alearga bookuros",
      "location": "Sfântu Gheorghe",
      "county": "CV",
      "year_2026": "",
      "year_2025": "Sat 24-May",
      "year_2024": "",
      "year_2023": ""
    },
    {
      "id": 288,
      "name": "Alerg in Dumbrava",
      "location": "Glogoveanu",
      "county": "DB",
      "year_2026": "",
      "year_2025": "Sat 9-Aug",
      "year_2024": "Sat 10-Aug",
      "year_2023": "Sat 12-Aug"
    },
    {
      "id": 332,
      "name": "Alergam la fapte bune - Oradea",
      "location": "Oradea",
      "county": "BH",
      "year_2026": "",
      "year_2025": "Sat 20-Sep",
      "year_2024": "",
      "year_2023": ""
    },
    {
      "id": 203,
      "name": "Alergam pana la Luna si inapoi",
      "location": "București",
      "county": "B",
      "year_2026": "",
      "year_2025": "Sat 17-May",
      "year_2024": "",
      "year_2023": ""
    },
    {
      "id": 221,
      "name": "Alergarea Carpilor",
      "location": "Techirghiol",
      "county": "CT",
      "year_2026": "Sat 23-May",
      "year_2025": "Sat 31-May",
      "year_2024": "",
      "year_2023": ""
    },
    {
      "id": 57,
      "name": "Alergăraș în Făgăraș",
      "location": "Făgăraș",
      "county": "BV",
      "year_2026": "Sat 2-May",
      "year_2025": "Sat 3-May",
      "year_2024": "Sat 27-Apr",
      "year_2023": "Sat 6-May"
    },
    {
      "id": 212,
      "name": "Andurant Sprint Rafael",
      "location": "Codlea",
      "county": "BV",
      "year_2026": "",
      "year_2025": "Sat 17-May",
      "year_2024": "Sat 22-Jun",
      "year_2023": "Sat 29-Apr"
    },
    {
      "id": 230,
      "name": "AniRUN",
      "location": "Arad",
      "county": "AR",
      "year_2026": "Sun 20-Sep",
      "year_2025": "Sun 1-Jun",
      "year_2024": "Sun 1-Sep",
      "year_2023": "Sun 17-Sep"
    },
    {
      "id": 231,
      "name": "AniRUN - Christmas Special",
      "location": "Arad",
      "county": "AR",
      "year_2026": "",
      "year_2025": "",
      "year_2024": "Sun 15-Dec",
      "year_2023": "Sun 17-Dec"
    },
    {
      "id": 233,
      "name": "AniRUN - Maratonul Mosilor",
      "location": "Arad",
      "county": "AR",
      "year_2026": "",
      "year_2025": "Sat 6-Dec",
      "year_2024": "",
      "year_2023": ""
    },
    {
      "id": 232,
      "name": "AniRUN - track",
      "location": "Arad",
      "county": "AR",
      "year_2026": "",
      "year_2025": "Sat 13-Sep",
      "year_2024": "",
      "year_2023": ""
    },
    {
      "id": 277,
      "name": "Ascotid Trail Race",
      "location": "Târgu Mureș",
      "county": "MS",
      "year_2026": "Sat 26-Sep",
      "year_2025": "Sat 27-Sep",
      "year_2024": "Sat 28-Sep",
      "year_2023": "Sat 30-Sep"
    },
    {
      "id": 78,
      "name": "Atinge Omu",
      "location": "Telecabină Peștera",
      "county": "DB",
      "year_2026": "Sat 13-Jun",
      "year_2025": "Sat 7-Jun",
      "year_2024": "Sat 8-Jun",
      "year_2023": "Sat 10-Jun"
    },
    {
      "id": 316,
      "name": "Autism 24h Marea Neagra",
      "location": "Constanța",
      "county": "CT",
      "year_2026": "",
      "year_2025": "Sat 13-Sep",
      "year_2024": "Sat 14-Sep",
      "year_2023": "Sat 9-Sep"
    },
    {
      "id": 307,
      "name": "Azuga Trail Race",
      "location": "Azuga",
      "county": "PH",
      "year_2026": "Sat 17-Oct",
      "year_2025": "Sat 18-Oct",
      "year_2024": "Sat 19-Oct",
      "year_2023": "Sat 21-Oct"
    },
    {
      "id": 323,
      "name": "Baia Mare Half Marathon",
      "location": "Baia Mare",
      "county": "MM",
      "year_2026": "Sun 13-Sep",
      "year_2025": "Sun 14-Sep",
      "year_2024": "Sun 15-Sep",
      "year_2023": "Sun 17-Sep"
    },
    {
      "id": 50,
      "name": "Băneasa Forest Run - Autumn",
      "location": "București",
      "county": "B",
      "year_2026": "Sun 1-Nov",
      "year_2025": "Sun 2-Nov",
      "year_2024": "Sun 3-Nov",
      "year_2023": "Sun 29-Oct"
    },
    {
      "id": 49,
      "name": "Băneasa Forest Run - Spring",
      "location": "București",
      "county": "B",
      "year_2026": "Sun 5-Apr",
      "year_2025": "Sun 13-Apr",
      "year_2024": "Sun 14-Apr",
      "year_2023": "Sun 2-Apr"
    },
    {
      "id": 309,
      "name": "Bârlad Hills Challenge",
      "location": "Bârlad",
      "county": "VS",
      "year_2026": "",
      "year_2025": "Sat 6-Sep",
      "year_2024": "",
      "year_2023": ""
    },
    {
      "id": 270,
      "name": "Beiuș Running Day",
      "location": "Beiuș",
      "county": "BH",
      "year_2026": "Sat 31-Oct",
      "year_2025": "Wed 1-Oct",
      "year_2024": "Sat 2-Nov",
      "year_2023": "Sat 5-Aug"
    },
    {
      "id": 106,
      "name": "Bistrița Trail Running",
      "location": "Bistrița",
      "county": "BN",
      "year_2026": "Sat 4-Apr",
      "year_2025": "Sat 3-May",
      "year_2024": "",
      "year_2023": ""
    },
    {
      "id": 77,
      "name": "Bloodfluencer Marathon",
      "location": "Dejani",
      "county": "BV",
      "year_2026": "Sat 13-Jun",
      "year_2025": "Sat 14-Jun",
      "year_2024": "Sat 15-Jun",
      "year_2023": "Sat 10-Jun"
    },
    {
      "id": 255,
      "name": "Brașov Heroes",
      "location": "Brașov",
      "county": "BV",
      "year_2026": "",
      "year_2025": "Sun 15-Jun",
      "year_2024": "Sun 8-Sep",
      "year_2023": "Sun 3-Sep"
    },
    {
      "id": 47,
      "name": "Brașov Marathon",
      "location": "Brașov",
      "county": "BV",
      "year_2026": "Sat 30-May",
      "year_2025": "Sat 31-May",
      "year_2024": "Sat 1-Jun",
      "year_2023": "Sat 13-May"
    },
    {
      "id": 134,
      "name": "Brașov Running Festival",
      "location": "Brașov",
      "county": "BV",
      "year_2026": "Sun 4-Oct",
      "year_2025": "Sun 5-Oct",
      "year_2024": "Sun 22-Sep",
      "year_2023": "Sun 10-Sep"
    },
    {
      "id": 181,
      "name": "Brăila 10k",
      "location": "Brăila",
      "county": "BR",
      "year_2026": "",
      "year_2025": "Sun 6-Apr",
      "year_2024": "",
      "year_2023": ""
    },
    {
      "id": 137,
      "name": "Bucharest 21k",
      "location": "București",
      "county": "B",
      "year_2026": "Sun 8-Nov",
      "year_2025": "",
      "year_2024": "",
      "year_2023": ""
    },
    {
      "id": 1,
      "name": "Bucharest Half Marathon",
      "location": "București",
      "county": "B",
      "year_2026": "Sun 10-May",
      "year_2025": "Sun 11-May",
      "year_2024": "Sun 12-May",
      "year_2023": "Sun 14-May"
    },
    {
      "id": 5,
      "name": "Bucharest Marathon",
      "location": "București",
      "county": "B",
      "year_2026": "Sun 11-Oct",
      "year_2025": "Sun 12-Oct",
      "year_2024": "Sun 13-Oct",
      "year_2023": "Sun 15-Oct"
    },
    {
      "id": 85,
      "name": "Bucovina Ultra Rocks",
      "location": "Câmpulung Moldovenesc",
      "county": "SV",
      "year_2026": "Sat 25-Jul",
      "year_2025": "Sat 26-Jul",
      "year_2024": "Sat 27-Jul",
      "year_2023": "Sat 29-Jul"
    },
    {
      "id": 271,
      "name": "Budeasa Swim & Run",
      "location": "Budeasa",
      "county": "AG",
      "year_2026": "",
      "year_2025": "Sat 12-Jul",
      "year_2024": "Sat 13-Jul",
      "year_2023": ""
    },
    {
      "id": 274,
      "name": "Buila Trail Race",
      "location": "Barbatesti",
      "county": "VL",
      "year_2026": "",
      "year_2025": "Sat 19-Jul",
      "year_2024": "Sat 20-Jul",
      "year_2023": "Sat 22-Jul"
    },
    {
      "id": 276,
      "name": "Burduf Challenge",
      "location": "Rau Sadului",
      "county": "SB",
      "year_2026": "",
      "year_2025": "Sat 19-Jul",
      "year_2024": "Sat 20-Jul",
      "year_2023": "Sat 8-Jul"
    },
    {
      "id": 120,
      "name": "Bușteni Ultra Race",
      "location": "Bușteni",
      "county": "PH",
      "year_2026": "Sat 6-Jun",
      "year_2025": "",
      "year_2024": "",
      "year_2023": ""
    },
    {
      "id": 99,
      "name": "Buzău 21k",
      "location": "Buzău",
      "county": "BZ",
      "year_2026": "Sun 27-Sep",
      "year_2025": "Sun 28-Sep",
      "year_2024": "",
      "year_2023": ""
    },
    {
      "id": 20,
      "name": "Carpathia Trails",
      "location": "Cheile Grădiștei",
      "county": "BV",
      "year_2026": "Sat 4-Jul",
      "year_2025": "Sat 5-Jul",
      "year_2024": "Sat 6-Jul",
      "year_2023": "Sat 1-Jul"
    },
    {
      "id": 284,
      "name": "Casoaia Bike, Run & Fun",
      "location": "Casoaia",
      "county": "AR",
      "year_2026": "",
      "year_2025": "Sun 27-Jul",
      "year_2024": "Sun 28-Jul",
      "year_2023": "Sun 30-Jul"
    },
    {
      "id": 304,
      "name": "Castelul din Carpati - Pasul Vâlcan",
      "location": "Vulcan",
      "county": "HD",
      "year_2026": "",
      "year_2025": "Sat 6-Sep",
      "year_2024": "Sat 7-Sep",
      "year_2023": ""
    },
    {
      "id": 292,
      "name": "Castle Run",
      "location": "Lazarea",
      "county": "HR",
      "year_2026": "",
      "year_2025": "Sun 17-Aug",
      "year_2024": "Sun 18-Aug",
      "year_2023": "Sun 13-Aug"
    },
    {
      "id": 51,
      "name": "Cheile Turzii Race",
      "location": "Cheile Turzii",
      "county": "CJ",
      "year_2026": "Sat 18-Apr",
      "year_2025": "Sun 27-Apr",
      "year_2024": "",
      "year_2023": ""
    },
    {
      "id": 283,
      "name": "Cindrel In Alergare",
      "location": "Paltinis",
      "county": "SB",
      "year_2026": "",
      "year_2025": "Sat 26-Jul",
      "year_2024": "Sat 27-Jul",
      "year_2023": "Sat 29-Jul"
    },
    {
      "id": 16,
      "name": "Ciucaș X3",
      "location": "Cheia (PH)",
      "county": "PH",
      "year_2026": "",
      "year_2025": "Sat 6-Sep",
      "year_2024": "Sat 7-Sep",
      "year_2023": "Sat 9-Sep"
    },
    {
      "id": 10,
      "name": "Cluj EcoTrail Ultramarathon",
      "location": "Cluj-Napoca",
      "county": "CJ",
      "year_2026": "Tue 1-Dec",
      "year_2025": "Mon 1-Dec",
      "year_2024": "Sun 1-Dec",
      "year_2023": "Fri 1-Dec"
    },
    {
      "id": 293,
      "name": "Coloract Botoșani",
      "location": "Botoșani",
      "county": "BT",
      "year_2026": "",
      "year_2025": "Sun 17-Aug",
      "year_2024": "",
      "year_2023": ""
    },
    {
      "id": 222,
      "name": "Comunitate in Miscare",
      "location": "Reșița",
      "county": "CS",
      "year_2026": "",
      "year_2025": "Sat 31-May",
      "year_2024": "",
      "year_2023": ""
    },
    {
      "id": 322,
      "name": "Corbeanca - Inimi in Miscare",
      "location": "Corbeanca",
      "county": "IF",
      "year_2026": "",
      "year_2025": "Sat 13-Sep",
      "year_2024": "",
      "year_2023": ""
    },
    {
      "id": 282,
      "name": "Corcova Fest",
      "location": "Corcova",
      "county": "MH",
      "year_2026": "",
      "year_2025": "Sat 26-Jul",
      "year_2024": "Sat 27-Jul",
      "year_2023": "Sat 29-Jul"
    },
    {
      "id": 123,
      "name": "Cozia Mountain Bike & Run",
      "location": "Călimănești",
      "county": "VL",
      "year_2026": "Sat 20-Jun",
      "year_2025": "Sun 25-May",
      "year_2024": "",
      "year_2023": ""
    },
    {
      "id": 7,
      "name": "Cozia Mountain Run",
      "location": "Călimănești",
      "county": "VL",
      "year_2026": "Sat 4-Jul",
      "year_2025": "Sat 5-Jul",
      "year_2024": "Sat 6-Jul",
      "year_2023": "Sat 8-Jul"
    },
    {
      "id": 202,
      "name": "Cros Alergam cu Inima - Targoviste",
      "location": "Targoviste",
      "county": "DB",
      "year_2026": "",
      "year_2025": "Sun 11-May",
      "year_2024": "",
      "year_2023": ""
    },
    {
      "id": 245,
      "name": "Cros Alergăm pentru Suflete Albastre",
      "location": "Sulița (BT)",
      "county": "BT",
      "year_2026": "",
      "year_2025": "Sat 7-Jun",
      "year_2024": "Sat 1-Jun",
      "year_2023": ""
    },
    {
      "id": 162,
      "name": "Cros caritabil Alerg pentru mama - Arad",
      "location": "Arad",
      "county": "AR",
      "year_2026": "Sun 8-Mar",
      "year_2025": "Sun 9-Mar",
      "year_2024": "",
      "year_2023": ""
    },
    {
      "id": 163,
      "name": "Cros caritabil Alerg pentru mama - Brașov",
      "location": "Brașov",
      "county": "BV",
      "year_2026": "Sun 8-Mar",
      "year_2025": "Sun 9-Mar",
      "year_2024": "",
      "year_2023": ""
    },
    {
      "id": 160,
      "name": "Cros caritabil Alerg pentru mama - București",
      "location": "București",
      "county": "B",
      "year_2026": "Sun 8-Mar",
      "year_2025": "Sun 9-Mar",
      "year_2024": "",
      "year_2023": ""
    },
    {
      "id": 164,
      "name": "Cros caritabil Alerg pentru mama - Cluj-Napoca",
      "location": "Cluj-Napoca",
      "county": "CJ",
      "year_2026": "Sun 8-Mar",
      "year_2025": "Sun 9-Mar",
      "year_2024": "",
      "year_2023": ""
    },
    {
      "id": 165,
      "name": "Cros caritabil Alerg pentru mama - Craiova",
      "location": "Craiova",
      "county": "DJ",
      "year_2026": "Sun 8-Mar",
      "year_2025": "Sun 9-Mar",
      "year_2024": "",
      "year_2023": ""
    },
    {
      "id": 166,
      "name": "Cros caritabil Alerg pentru mama - Iași",
      "location": "Iași",
      "county": "IS",
      "year_2026": "Sun 8-Mar",
      "year_2025": "Sun 9-Mar",
      "year_2024": "",
      "year_2023": ""
    },
    {
      "id": 168,
      "name": "Cros caritabil Alerg pentru mama - Oradea",
      "location": "Oradea",
      "county": "BH",
      "year_2026": "Sun 8-Mar",
      "year_2025": "Sun 9-Mar",
      "year_2024": "",
      "year_2023": ""
    },
    {
      "id": 167,
      "name": "Cros caritabil Alerg pentru mama - Pitești",
      "location": "Pitești",
      "county": "AG",
      "year_2026": "Sun 8-Mar",
      "year_2025": "Sun 9-Mar",
      "year_2024": "",
      "year_2023": ""
    },
    {
      "id": 161,
      "name": "Cros caritabil Alerg pentru mama - Sibiu",
      "location": "Sibiu",
      "county": "SB",
      "year_2026": "Sun 8-Mar",
      "year_2025": "Sun 9-Mar",
      "year_2024": "Sun 10-Mar",
      "year_2023": ""
    },
    {
      "id": 169,
      "name": "Cros caritabil Alerg pentru mama - Suceava",
      "location": "Suceava",
      "county": "SV",
      "year_2026": "Sun 8-Mar",
      "year_2025": "Sun 9-Mar",
      "year_2024": "",
      "year_2023": ""
    },
    {
      "id": 170,
      "name": "Cros caritabil Alerg pentru mama - Târgu Mureș",
      "location": "Târgu Mureș",
      "county": "MS",
      "year_2026": "Sun 8-Mar",
      "year_2025": "Sun 9-Mar",
      "year_2024": "",
      "year_2023": ""
    },
    {
      "id": 171,
      "name": "Cros caritabil Alerg pentru mama - Timișoara",
      "location": "Timișoara",
      "county": "TM",
      "year_2026": "Sun 22-Mar",
      "year_2025": "Sun 9-Mar",
      "year_2024": "",
      "year_2023": ""
    },
    {
      "id": 192,
      "name": "Cros caritabil: „Pași Mari pentru Inimi Mici”",
      "location": "București",
      "county": "B",
      "year_2026": "",
      "year_2025": "Sat 3-May",
      "year_2024": "",
      "year_2023": ""
    },
    {
      "id": 294,
      "name": "Cros Donaton",
      "location": "Cluj-Napoca",
      "county": "CJ",
      "year_2026": "",
      "year_2025": "Sat 23-Aug",
      "year_2024": "",
      "year_2023": ""
    },
    {
      "id": 296,
      "name": "Cros Drumul Aurului",
      "location": "Brad",
      "county": "HD",
      "year_2026": "",
      "year_2025": "Sun 24-Aug",
      "year_2024": "",
      "year_2023": ""
    },
    {
      "id": 280,
      "name": "Cros Montan Borsec",
      "location": "Borsec",
      "county": "HR",
      "year_2026": "",
      "year_2025": "Sun 20-Jul",
      "year_2024": "Sun 21-Jul",
      "year_2023": "Sun 16-Jul"
    },
    {
      "id": 257,
      "name": "Cros Montan Traversare Igniș",
      "location": "Baia Mare",
      "county": "MM",
      "year_2026": "",
      "year_2025": "Sat 21-Jun",
      "year_2024": "Sat 22-Jun",
      "year_2023": "Sat 17-Jun"
    },
    {
      "id": 303,
      "name": "Cros Popestiul in Miscare",
      "location": "Popești-Leordeni",
      "county": "IF",
      "year_2026": "",
      "year_2025": "Sat 6-Sep",
      "year_2024": "Sat 7-Sep",
      "year_2023": "Sat 9-Sep"
    },
    {
      "id": 310,
      "name": "CrosISU",
      "location": "Piatra Neamț",
      "county": "NT",
      "year_2026": "",
      "year_2025": "Sat 6-Sep",
      "year_2024": "",
      "year_2023": ""
    },
    {
      "id": 11,
      "name": "Crosul 15 Noiembrie 1987",
      "location": "Brașov",
      "county": "BV",
      "year_2026": "Sat 14-Nov",
      "year_2025": "Sat 15-Nov",
      "year_2024": "Sat 16-Nov",
      "year_2023": "Sun 12-Nov"
    },
    {
      "id": 259,
      "name": "Crosul Agnitei",
      "location": "Agnita",
      "county": "SB",
      "year_2026": "",
      "year_2025": "Sat 21-Jun",
      "year_2024": "Sat 22-Jun",
      "year_2023": "Sat 24-Jun"
    },
    {
      "id": 228,
      "name": "Crosul Albertina Rusu",
      "location": "Ilișești",
      "county": "SV",
      "year_2026": "",
      "year_2025": "Sat 31-May",
      "year_2024": "",
      "year_2023": ""
    },
    {
      "id": 200,
      "name": "Crosul Alearga Pentru Viata - București",
      "location": "București",
      "county": "B",
      "year_2026": "",
      "year_2025": "Sun 11-May",
      "year_2024": "",
      "year_2023": ""
    },
    {
      "id": 241,
      "name": "Crosul ARC",
      "location": "București",
      "county": "B",
      "year_2026": "",
      "year_2025": "Fri 6-Jun",
      "year_2024": "",
      "year_2023": ""
    },
    {
      "id": 95,
      "name": "Crosul Arenelor",
      "location": "București",
      "county": "B",
      "year_2026": "Sun 20-Sep",
      "year_2025": "Sun 21-Sep",
      "year_2024": "Sun 22-Sep",
      "year_2023": "Sun 24-Sep"
    },
    {
      "id": 218,
      "name": "Crosul Cetatii - Giroc",
      "location": "Giroc",
      "county": "TM",
      "year_2026": "",
      "year_2025": "Sun 25-May",
      "year_2024": "",
      "year_2023": ""
    },
    {
      "id": 209,
      "name": "Crosul Cetatilor - Cetatea Ineului",
      "location": "Ineu",
      "county": "AR",
      "year_2026": "",
      "year_2025": "Sat 27-Sep",
      "year_2024": "Sat 12-Oct",
      "year_2023": "Sat 2-Sep"
    },
    {
      "id": 211,
      "name": "Crosul Cetatilor - Măderat - Șiria",
      "location": "Șiria",
      "county": "AR",
      "year_2026": "",
      "year_2025": "",
      "year_2024": "Sat 18-May",
      "year_2023": "Sat 6-May"
    },
    {
      "id": 208,
      "name": "Crosul Cetatilor - Moneasa",
      "location": "Moneasa",
      "county": "AR",
      "year_2026": "",
      "year_2025": "Sat 17-May",
      "year_2024": "",
      "year_2023": "Sat 11-Nov"
    },
    {
      "id": 210,
      "name": "Crosul Cetatilor - Savarsin",
      "location": "Savarsin",
      "county": "AR",
      "year_2026": "",
      "year_2025": "Sat 8-Nov",
      "year_2024": "Sat 9-Nov",
      "year_2023": ""
    },
    {
      "id": 151,
      "name": "Crosul Companiilor Cluj",
      "location": "Cluj-Napoca",
      "county": "CJ",
      "year_2026": "Sun 20-Sep",
      "year_2025": "Sun 21-Sep",
      "year_2024": "Sun 22-Sep",
      "year_2023": "Sun 24-Sep"
    },
    {
      "id": 236,
      "name": "Crosul Copiilor - Baia Mare",
      "location": "Baia Mare",
      "county": "MM",
      "year_2026": "Sun 24-May",
      "year_2025": "Sun 1-Jun",
      "year_2024": "",
      "year_2023": ""
    },
    {
      "id": 237,
      "name": "Crosul Copiilor - Limanu",
      "location": "Limanu",
      "county": "CT",
      "year_2026": "",
      "year_2025": "Sun 1-Jun",
      "year_2024": "",
      "year_2023": ""
    },
    {
      "id": 328,
      "name": "Crosul Copiilor - Neptun",
      "location": "Neptun",
      "county": "CT",
      "year_2026": "",
      "year_2025": "Sat 20-Sep",
      "year_2024": "",
      "year_2023": ""
    },
    {
      "id": 229,
      "name": "Crosul Copiilor - Venetia de Jos",
      "location": "Venetia de Jos",
      "county": "BV",
      "year_2026": "",
      "year_2025": "Sat 31-May",
      "year_2024": "",
      "year_2023": ""
    },
    {
      "id": 261,
      "name": "Crosul Culorilor - Blaj",
      "location": "Blaj",
      "county": "AB",
      "year_2026": "",
      "year_2025": "Sun 22-Jun",
      "year_2024": "",
      "year_2023": ""
    },
    {
      "id": 147,
      "name": "Crosul de Noapte Cluj (primavara)",
      "location": "Cluj-Napoca",
      "county": "CJ",
      "year_2026": "Fri 8-May",
      "year_2025": "Fri 9-May",
      "year_2024": "Fri 10-May",
      "year_2023": "Fri 19-May"
    },
    {
      "id": 148,
      "name": "Crosul de Noapte Cluj (toamna)",
      "location": "Cluj-Napoca",
      "county": "CJ",
      "year_2026": "Sat 14-Nov",
      "year_2025": "Fri 7-Nov",
      "year_2024": "Fri 15-Nov",
      "year_2023": "Fri 10-Nov"
    },
    {
      "id": 329,
      "name": "Crosul Democrației - Mangalia",
      "location": "Mangalia",
      "county": "CT",
      "year_2026": "",
      "year_2025": "",
      "year_2024": "Sat 19-Oct",
      "year_2023": ""
    },
    {
      "id": 102,
      "name": "Crosul Divelor",
      "location": "Cluj-Napoca",
      "county": "CJ",
      "year_2026": "Sat 7-Mar",
      "year_2025": "Sat 15-Mar",
      "year_2024": "Sat 16-Mar",
      "year_2023": "Sat 11-Mar"
    },
    {
      "id": 194,
      "name": "Crosul Europei - Timișoara",
      "location": "Timișoara",
      "county": "TM",
      "year_2026": "",
      "year_2025": "Fri 9-May",
      "year_2024": "",
      "year_2023": ""
    },
    {
      "id": 220,
      "name": "Crosul Fugi de Fumat",
      "location": "Brăila",
      "county": "BR",
      "year_2026": "",
      "year_2025": "Fri 30-May",
      "year_2024": "",
      "year_2023": ""
    },
    {
      "id": 150,
      "name": "Crosul Hoia",
      "location": "Cluj-Napoca",
      "county": "CJ",
      "year_2026": "Sat 27-Jun",
      "year_2025": "Sat 28-Jun",
      "year_2024": "Sat 29-Jun",
      "year_2023": "Sat 24-Jun"
    },
    {
      "id": 272,
      "name": "Crosul Hospice - Alearga Tu Pentru Ei",
      "location": "Brașov",
      "county": "BV",
      "year_2026": "",
      "year_2025": "Sat 12-Jul",
      "year_2024": "Sat 6-Jul",
      "year_2023": "Sat 8-Jul"
    },
    {
      "id": 155,
      "name": "Crosul Indragostitilor de Alergare",
      "location": "Bistrița",
      "county": "BN",
      "year_2026": "",
      "year_2025": "Sat 22-Feb",
      "year_2024": "Sat 24-Feb",
      "year_2023": ""
    },
    {
      "id": 290,
      "name": "Crosul Inimi și Tuberoze Hoghilag",
      "location": "Hoghilag",
      "county": "SB",
      "year_2026": "",
      "year_2025": "Sat 9-Aug",
      "year_2024": "",
      "year_2023": ""
    },
    {
      "id": 227,
      "name": "Crosul Inimilor Mari",
      "location": "Cluj-Napoca",
      "county": "CJ",
      "year_2026": "",
      "year_2025": "Sat 31-May",
      "year_2024": "",
      "year_2023": ""
    },
    {
      "id": 174,
      "name": "Crosul Jandarmeriei - Ploiești",
      "location": "Ploiești",
      "county": "PH",
      "year_2026": "",
      "year_2025": "Sat 29-Mar",
      "year_2024": "",
      "year_2023": ""
    },
    {
      "id": 243,
      "name": "Crosul Lacului Albastru",
      "location": "Baia Sprie",
      "county": "MM",
      "year_2026": "",
      "year_2025": "Sat 7-Jun",
      "year_2024": "Sat 25-May",
      "year_2023": ""
    },
    {
      "id": 240,
      "name": "Crosul Memorial Nicolae Guțoiu",
      "location": "Targoviste",
      "county": "DB",
      "year_2026": "",
      "year_2025": "Wed 4-Jun",
      "year_2024": "",
      "year_2023": ""
    },
    {
      "id": 142,
      "name": "Crosul Micii Uniri",
      "location": "Pitești",
      "county": "AG",
      "year_2026": "Sat 24-Jan",
      "year_2025": "Sun 19-Jan",
      "year_2024": "",
      "year_2023": ""
    },
    {
      "id": 252,
      "name": "Crosul National Ziua Olimpica - Pitești",
      "location": "Pitești",
      "county": "AG",
      "year_2026": "",
      "year_2025": "Sat 14-Jun",
      "year_2024": "",
      "year_2023": ""
    },
    {
      "id": 124,
      "name": "Crosul Orasului Mioveni 1485",
      "location": "Mioveni",
      "county": "AG",
      "year_2026": "Sat 27-Jun",
      "year_2025": "Sun 29-Jun",
      "year_2024": "Sun 30-Jun",
      "year_2023": "Sun 2-Jul"
    },
    {
      "id": 180,
      "name": "Crosul Pentru Viata - Craiova",
      "location": "Craiova",
      "county": "DJ",
      "year_2026": "",
      "year_2025": "Sat 5-Apr",
      "year_2024": "",
      "year_2023": ""
    },
    {
      "id": 173,
      "name": "Crosul Pentru Viață",
      "location": "București",
      "county": "B",
      "year_2026": "Sat 14-Mar",
      "year_2025": "Sat 22-Mar",
      "year_2024": "Sat 16-Mar",
      "year_2023": "Sat 18-Mar"
    },
    {
      "id": 253,
      "name": "Crosul Prieteniei - Petrică Puran - Călărași",
      "location": "Călărași",
      "county": "CL",
      "year_2026": "",
      "year_2025": "Sat 14-Jun",
      "year_2024": "",
      "year_2023": ""
    },
    {
      "id": 175,
      "name": "Crosul Primaverii - Baia Mare",
      "location": "Baia Mare",
      "county": "MM",
      "year_2026": "Sun 15-Mar",
      "year_2025": "Sun 30-Mar",
      "year_2024": "Sun 7-Apr",
      "year_2023": "Sat 25-Mar"
    },
    {
      "id": 199,
      "name": "Crosul Primaverii - Mediaș",
      "location": "Mediaș",
      "county": "SB",
      "year_2026": "",
      "year_2025": "Sun 11-May",
      "year_2024": "",
      "year_2023": ""
    },
    {
      "id": 190,
      "name": "Crosul Primaverii - Roesti",
      "location": "Roesti",
      "county": "VL",
      "year_2026": "",
      "year_2025": "Wed 30-Apr",
      "year_2024": "",
      "year_2023": ""
    },
    {
      "id": 178,
      "name": "Crosul Primaverii Sovata",
      "location": "Sovata",
      "county": "MS",
      "year_2026": "",
      "year_2025": "Sat 5-Apr",
      "year_2024": "Sat 20-Apr",
      "year_2023": "Sat 29-Apr"
    },
    {
      "id": 152,
      "name": "Crosul Regina Maria",
      "location": "Cluj-Napoca",
      "county": "CJ",
      "year_2026": "Sat 3-Oct",
      "year_2025": "Sat 4-Oct",
      "year_2024": "Sat 5-Oct",
      "year_2023": ""
    },
    {
      "id": 286,
      "name": "Crosul Siretului",
      "location": "Rachiteni",
      "county": "IS",
      "year_2026": "",
      "year_2025": "Sat 2-Aug",
      "year_2024": "Sat 10-Aug",
      "year_2023": ""
    },
    {
      "id": 187,
      "name": "Crosul Teiușului",
      "location": "Teiuș",
      "county": "AB",
      "year_2026": "Sat 30-May",
      "year_2025": "Sat 31-May",
      "year_2024": "Sat 1-Jun",
      "year_2023": ""
    },
    {
      "id": 193,
      "name": "Crosul ULBS",
      "location": "Sibiu",
      "county": "SB",
      "year_2026": "",
      "year_2025": "Fri 9-May",
      "year_2024": "",
      "year_2023": ""
    },
    {
      "id": 156,
      "name": "Crosul Umanitar Inima De Leu",
      "location": "Galați",
      "county": "GL",
      "year_2026": "",
      "year_2025": "Sun 23-Feb",
      "year_2024": "",
      "year_2023": ""
    },
    {
      "id": 217,
      "name": "Crosul Universitatii București",
      "location": "București",
      "county": "B",
      "year_2026": "",
      "year_2025": "Sat 24-May",
      "year_2024": "",
      "year_2023": ""
    },
    {
      "id": 26,
      "name": "Crosul USAMV",
      "location": "București",
      "county": "B",
      "year_2026": "Sat 4-Apr",
      "year_2025": "Sat 5-Apr",
      "year_2024": "Sat 6-Apr",
      "year_2023": "Sat 8-Apr"
    },
    {
      "id": 251,
      "name": "Crosul Zilei Olimpice - Miercurea Ciuc",
      "location": "Miercurea Ciuc",
      "county": "HR",
      "year_2026": "",
      "year_2025": "Sat 14-Jun",
      "year_2024": "",
      "year_2023": ""
    },
    {
      "id": 248,
      "name": "Crosul Ziua Olimpica - Caracal",
      "location": "Caracal",
      "county": "OT",
      "year_2026": "",
      "year_2025": "Thu 12-Jun",
      "year_2024": "",
      "year_2023": ""
    },
    {
      "id": 242,
      "name": "Crosul Ziua Olimpica - Craiova",
      "location": "Craiova",
      "county": "DJ",
      "year_2026": "",
      "year_2025": "Sat 7-Jun",
      "year_2024": "Sat 22-Jun",
      "year_2023": ""
    },
    {
      "id": 91,
      "name": "CugiRace",
      "location": "Cugir",
      "county": "AB",
      "year_2026": "Sat 5-Sep",
      "year_2025": "Sat 6-Sep",
      "year_2024": "Sat 7-Sep",
      "year_2023": "Sat 2-Sep"
    },
    {
      "id": 299,
      "name": "Cupa Pădurea Verde - Dumbravita",
      "location": "Dumbravita",
      "county": "TM",
      "year_2026": "",
      "year_2025": "Sat 30-Aug",
      "year_2024": "",
      "year_2023": ""
    },
    {
      "id": 226,
      "name": "Cupa si crosul primaverii",
      "location": "Fulga de Sus",
      "county": "PH",
      "year_2026": "",
      "year_2025": "Sat 31-May",
      "year_2024": "",
      "year_2023": ""
    },
    {
      "id": 179,
      "name": "Cupa Zaganii Buzău",
      "location": "Buzău",
      "county": "BZ",
      "year_2026": "",
      "year_2025": "Sat 5-Apr",
      "year_2024": "",
      "year_2023": ""
    },
    {
      "id": 333,
      "name": "Cursa Cavalerilor lui Vlad",
      "location": "Arefu",
      "county": "AG",
      "year_2026": "",
      "year_2025": "Sat 20-Sep",
      "year_2024": "",
      "year_2023": ""
    },
    {
      "id": 64,
      "name": "Dac Warrior",
      "location": "Gura Vadului",
      "county": "PH",
      "year_2026": "Sat 23-May",
      "year_2025": "Sat 10-May",
      "year_2024": "Sat 31-Aug",
      "year_2023": "Sat 30-Sep"
    },
    {
      "id": 108,
      "name": "Dălhăuți Trail Challenge",
      "location": "Dălhăuți",
      "county": "VN",
      "year_2026": "Sun 19-Apr",
      "year_2025": "",
      "year_2024": "",
      "year_2023": ""
    },
    {
      "id": 132,
      "name": "Discover Valea Doftanei",
      "location": "Traisteni",
      "county": "PH",
      "year_2026": "Sat 26-Sep",
      "year_2025": "Sun 28-Sep",
      "year_2024": "",
      "year_2023": ""
    },
    {
      "id": 224,
      "name": "Duna Nap",
      "location": "Rimetea",
      "county": "AB",
      "year_2026": "",
      "year_2025": "Sat 31-May",
      "year_2024": "",
      "year_2023": ""
    },
    {
      "id": 183,
      "name": "Eco Run Harman",
      "location": "Harman",
      "county": "BV",
      "year_2026": "",
      "year_2025": "",
      "year_2024": "Tue 16-Apr",
      "year_2023": ""
    },
    {
      "id": 143,
      "name": "EcoRun Moieciu",
      "location": "Moieciu de Sus",
      "county": "BV",
      "year_2026": "Sat 16-May",
      "year_2025": "Sat 17-May",
      "year_2024": "Sat 18-May",
      "year_2023": "Sat 20-May"
    },
    {
      "id": 145,
      "name": "European Masters Off Road Championships",
      "location": "Râșnov",
      "county": "BV",
      "year_2026": "Sat 12-Sep",
      "year_2025": "",
      "year_2024": "",
      "year_2023": ""
    },
    {
      "id": 153,
      "name": "Faget Tour",
      "location": "Cluj-Napoca",
      "county": "CJ",
      "year_2026": "Sat 17-Oct",
      "year_2025": "Sat 18-Oct",
      "year_2024": "Sat 19-Oct",
      "year_2023": "Sat 21-Oct"
    },
    {
      "id": 234,
      "name": "Family Run - ziua copilului",
      "location": "București",
      "county": "B",
      "year_2026": "",
      "year_2025": "Sun 1-Jun",
      "year_2024": "",
      "year_2023": ""
    },
    {
      "id": 42,
      "name": "Făgăraș Rocks",
      "location": "Recea (BV)",
      "county": "BV",
      "year_2026": "Sat 1-Aug",
      "year_2025": "Sat 2-Aug",
      "year_2024": "Sat 27-Jul",
      "year_2023": "Sat 5-Aug"
    },
    {
      "id": 32,
      "name": "Făget Winter Race",
      "location": "Cluj-Napoca",
      "county": "CJ",
      "year_2026": "Sat 24-Jan",
      "year_2025": "Sat 18-Jan",
      "year_2024": "",
      "year_2023": "Sat 21-Jan"
    },
    {
      "id": 29,
      "name": "Făget Winter Trail",
      "location": "Cluj-Napoca",
      "county": "CJ",
      "year_2026": "Sat 7-Feb",
      "year_2025": "Sat 8-Feb",
      "year_2024": "Sat 3-Feb",
      "year_2023": "Sat 4-Feb"
    },
    {
      "id": 44,
      "name": "Festivalul Sporturilor București (primavara)",
      "location": "București",
      "county": "B",
      "year_2026": "Sun 29-Mar",
      "year_2025": "Sun 30-Mar",
      "year_2024": "",
      "year_2023": ""
    },
    {
      "id": 45,
      "name": "Festivalul Sporturilor București (toamnă)",
      "location": "București",
      "county": "B",
      "year_2026": "Sun 13-Sep",
      "year_2025": "Sun 14-Sep",
      "year_2024": "Sun 15-Sep",
      "year_2023": "Sun 17-Sep"
    },
    {
      "id": 46,
      "name": "Festivalul Sporturilor Iași",
      "location": "Iași",
      "county": "IS",
      "year_2026": "Sat 6-Jun",
      "year_2025": "Sat 7-Jun",
      "year_2024": "Sat 1-Jun",
      "year_2023": "Sat 3-Jun"
    },
    {
      "id": 184,
      "name": "Forest Race Marghita",
      "location": "Marghita",
      "county": "BH",
      "year_2026": "Sat 25-Apr",
      "year_2025": "Sat 26-Apr",
      "year_2024": "Sat 27-Apr",
      "year_2023": "Sat 29-Apr"
    },
    {
      "id": 207,
      "name": "Forest Run Botoșani",
      "location": "Botoșani",
      "county": "BT",
      "year_2026": "",
      "year_2025": "Sat 17-May",
      "year_2024": "",
      "year_2023": ""
    },
    {
      "id": 214,
      "name": "GAL Bike Fest",
      "location": "Suceveni (GL)",
      "county": "BV",
      "year_2026": "",
      "year_2025": "Sat 24-May",
      "year_2024": "",
      "year_2023": ""
    },
    {
      "id": 141,
      "name": "Gata cu Mâncatul, Hai cu Alergatul!",
      "location": "Râșnov",
      "county": "BV",
      "year_2026": "Fri 2-Jan",
      "year_2025": "",
      "year_2024": "",
      "year_2023": ""
    },
    {
      "id": 27,
      "name": "Gârboavele Trail Run",
      "location": "Tulucești",
      "county": "GL",
      "year_2026": "Sat 28-Mar",
      "year_2025": "Sat 29-Mar",
      "year_2024": "Sat 30-Mar",
      "year_2023": "Sun 26-Mar"
    },
    {
      "id": 244,
      "name": "Geopark Mehedinți Adventure",
      "location": "Moisesti",
      "county": "MM",
      "year_2026": "Sat 30-May",
      "year_2025": "Sat 7-Jun",
      "year_2024": "Sat 22-Jun",
      "year_2023": "Sat 3-Jun"
    },
    {
      "id": 278,
      "name": "Ghioroc Night Run",
      "location": "Ghioroc",
      "county": "AR",
      "year_2026": "",
      "year_2025": "Sat 19-Jul",
      "year_2024": "",
      "year_2023": ""
    },
    {
      "id": 225,
      "name": "Giarmata in Miscare",
      "location": "Giarmata",
      "county": "TM",
      "year_2026": "",
      "year_2025": "Sat 31-May",
      "year_2024": "",
      "year_2023": ""
    },
    {
      "id": 239,
      "name": "Global Running Day - București",
      "location": "București",
      "county": "B",
      "year_2026": "",
      "year_2025": "Wed 4-Jun",
      "year_2024": "",
      "year_2023": ""
    },
    {
      "id": 89,
      "name": "GLS Night Cross Challenge Sibiu",
      "location": "Sibiu",
      "county": "SB",
      "year_2026": "Fri 21-Aug",
      "year_2025": "Fri 22-Aug",
      "year_2024": "Fri 23-Aug",
      "year_2023": "Fri 18-Aug"
    },
    {
      "id": 319,
      "name": "Gugulan MTB & RUN Caransebeș",
      "location": "Caransebeș",
      "county": "CS",
      "year_2026": "Sat 12-Sep",
      "year_2025": "Sat 13-Sep",
      "year_2024": "Sat 21-Sep",
      "year_2023": "Sat 9-Sep"
    },
    {
      "id": 146,
      "name": "Gusterita Trail Run",
      "location": "Sibiu",
      "county": "SB",
      "year_2026": "Sat 19-Sep",
      "year_2025": "Sat 6-Sep",
      "year_2024": "Sat 5-Oct",
      "year_2023": ""
    },
    {
      "id": 265,
      "name": "Heritage Run Biertan",
      "location": "Biertan",
      "county": "SB",
      "year_2026": "",
      "year_2025": "Sat 28-Jun",
      "year_2024": "",
      "year_2023": ""
    },
    {
      "id": 298,
      "name": "Hit the egg - Ouşoru Challenge",
      "location": "Vatra Dornei",
      "county": "SV",
      "year_2026": "",
      "year_2025": "Sat 30-Aug",
      "year_2024": "Sun 18-Aug",
      "year_2023": ""
    },
    {
      "id": 258,
      "name": "Hoia Baciu Night Run",
      "location": "Cluj-Napoca",
      "county": "CJ",
      "year_2026": "",
      "year_2025": "Sat 21-Jun",
      "year_2024": "Sat 22-Jun",
      "year_2023": "Sat 1-Jul"
    },
    {
      "id": 12,
      "name": "IstritaXscape",
      "location": "Sărăta Monteoru",
      "county": "BZ",
      "year_2026": "",
      "year_2025": "Sat 15-Nov",
      "year_2024": "Sat 2-Nov",
      "year_2023": "Sat 4-Nov"
    },
    {
      "id": 62,
      "name": "Jidvei Weinland Trails",
      "location": "Cetatea de Balta",
      "county": "AB",
      "year_2026": "Sat 16-May",
      "year_2025": "Sat 31-May",
      "year_2024": "Sat 31-Aug",
      "year_2023": "Sat 2-Sep"
    },
    {
      "id": 53,
      "name": "La Petrovaselo in vie",
      "location": "Recas",
      "county": "TM",
      "year_2026": "Sat 25-Apr",
      "year_2025": "Sun 27-Apr",
      "year_2024": "Sat 25-May",
      "year_2023": "Sat 13-May"
    },
    {
      "id": 41,
      "name": "Legal Half-Marathon",
      "location": "București",
      "county": "B",
      "year_2026": "Sun 22-Mar",
      "year_2025": "Sat 22-Mar",
      "year_2024": "Sat 13-Apr",
      "year_2023": "Sat 1-Apr"
    },
    {
      "id": 136,
      "name": "Lunca Timișului CX",
      "location": "Lunca Timișului",
      "county": "TM",
      "year_2026": "Sat 7-Nov",
      "year_2025": "Sun 16-Nov",
      "year_2024": "Sun 10-Nov",
      "year_2023": "Sun 12-Nov"
    },
    {
      "id": 9,
      "name": "Maraton 1 Decembrie București",
      "location": "București",
      "county": "B",
      "year_2026": "Tue 1-Dec",
      "year_2025": "Mon 1-Dec",
      "year_2024": "Sun 1-Dec",
      "year_2023": "Fri 1-Dec"
    },
    {
      "id": 22,
      "name": "Maraton Apuseni",
      "location": "Băișoara",
      "county": "CJ",
      "year_2026": "Sat 6-Jun",
      "year_2025": "Sat 7-Jun",
      "year_2024": "Sat 8-Jun",
      "year_2023": "Sat 27-May"
    },
    {
      "id": 84,
      "name": "Maraton Bate Toaca",
      "location": "Durău",
      "county": "NT",
      "year_2026": "Sat 18-Jul",
      "year_2025": "Sat 12-Jul",
      "year_2024": "",
      "year_2023": "Sat 15-Jul"
    },
    {
      "id": 326,
      "name": "Maraton de Sebeș",
      "location": "Sebeș",
      "county": "AB",
      "year_2026": "",
      "year_2025": "Sat 6-Sep",
      "year_2024": "",
      "year_2023": ""
    },
    {
      "id": 206,
      "name": "Maraton Delta Dunării Sulina",
      "location": "Sulina",
      "county": "TL",
      "year_2026": "",
      "year_2025": "Sat 20-Sep",
      "year_2024": "Sat 21-Sep",
      "year_2023": "Sat 16-Sep"
    },
    {
      "id": 289,
      "name": "Maraton Granitul Greci",
      "location": "Greci",
      "county": "TL",
      "year_2026": "",
      "year_2025": "Sat 9-Aug",
      "year_2024": "Sat 10-Aug",
      "year_2023": "Sat 12-Aug"
    },
    {
      "id": 19,
      "name": "Maraton Legendele Nemirei",
      "location": "Slănic Moldova",
      "county": "BC",
      "year_2026": "Sat 4-Jul",
      "year_2025": "Sat 5-Jul",
      "year_2024": "Sat 6-Jul",
      "year_2023": "Sat 1-Jul"
    },
    {
      "id": 74,
      "name": "Maraton Maramureș",
      "location": "Baia Mare",
      "county": "MM",
      "year_2026": "Sat 13-Jun",
      "year_2025": "Sat 14-Jun",
      "year_2024": "Sat 15-Jun",
      "year_2023": "Sat 10-Jun"
    },
    {
      "id": 96,
      "name": "Maraton Piatra Craiului",
      "location": "Zărnești",
      "county": "BV",
      "year_2026": "Sat 26-Sep",
      "year_2025": "Sat 27-Sep",
      "year_2024": "Sat 28-Sep",
      "year_2023": "Sat 30-Sep"
    },
    {
      "id": 73,
      "name": "Maraton Scaunul Domnului",
      "location": "Bistra Mureșului",
      "county": "MS",
      "year_2026": "Sat 13-Jun",
      "year_2025": "Sat 14-Jun",
      "year_2024": "Sat 15-Jun",
      "year_2023": "Sat 10-Jun"
    },
    {
      "id": 69,
      "name": "Maraton Sibiu",
      "location": "Sibiu",
      "county": "SB",
      "year_2026": "Sat 30-May",
      "year_2025": "Sat 24-May",
      "year_2024": "Sat 25-May",
      "year_2023": "Sat 27-May"
    },
    {
      "id": 297,
      "name": "Maraton Stafeta la Valtoare",
      "location": "Târgu Mureș",
      "county": "MS",
      "year_2026": "",
      "year_2025": "Wed 27-Aug",
      "year_2024": "",
      "year_2023": ""
    },
    {
      "id": 260,
      "name": "Maraton Tarcau",
      "location": "Tarcau",
      "county": "NT",
      "year_2026": "",
      "year_2025": "Sat 21-Jun",
      "year_2024": "Sat 11-May",
      "year_2023": "Sat 6-May"
    },
    {
      "id": 21,
      "name": "Maraton Tarcău",
      "location": "Tarcău",
      "county": "NT",
      "year_2026": "",
      "year_2025": "Sat 21-Jun",
      "year_2024": "Sat 11-May",
      "year_2023": "Sat 6-May"
    },
    {
      "id": 52,
      "name": "Maratonul Argonautilor",
      "location": "Cheile Dobrogei",
      "county": "CT",
      "year_2026": "Sat 18-Apr",
      "year_2025": "Sat 12-Apr",
      "year_2024": "Sat 13-Apr",
      "year_2023": "Sat 8-Apr"
    },
    {
      "id": 55,
      "name": "Maratonul Codrului",
      "location": "Homoroade",
      "county": "SM",
      "year_2026": "Sat 25-Apr",
      "year_2025": "Sat 26-Apr",
      "year_2024": "Sat 1-Jun",
      "year_2023": "Sat 1-Apr"
    },
    {
      "id": 219,
      "name": "Maratonul Comunității Mărișel",
      "location": "Mărișel",
      "county": "CJ",
      "year_2026": "",
      "year_2025": "Sun 25-May",
      "year_2024": "",
      "year_2023": ""
    },
    {
      "id": 92,
      "name": "Maratonul Dragomirnei",
      "location": "Mitocu Dragomirnei",
      "county": "SV",
      "year_2026": "Sat 12-Sep",
      "year_2025": "Sat 13-Sep",
      "year_2024": "Sat 14-Sep",
      "year_2023": "Sat 9-Sep"
    },
    {
      "id": 213,
      "name": "Maratonul Montan Rafael",
      "location": "Codlea",
      "county": "BV",
      "year_2026": "",
      "year_2025": "Sat 25-Oct",
      "year_2024": "Sat 26-Oct",
      "year_2023": "Sat 7-Oct"
    },
    {
      "id": 204,
      "name": "Maratonul Muntelui Ceahlău",
      "location": "Durau",
      "county": "NT",
      "year_2026": "",
      "year_2025": "Sat 17-May",
      "year_2024": "",
      "year_2023": ""
    },
    {
      "id": 24,
      "name": "Maratonul Nisipului",
      "location": "Constanța",
      "county": "CT",
      "year_2026": "Sun 17-May",
      "year_2025": "Sun 18-May",
      "year_2024": "Sun 26-May",
      "year_2023": "Sat 29-Apr"
    },
    {
      "id": 76,
      "name": "Maratonul Nordului - Botoșani",
      "location": "Botoșani",
      "county": "BT",
      "year_2026": "Sat 13-Jun",
      "year_2025": "Sun 15-Jun",
      "year_2024": "",
      "year_2023": ""
    },
    {
      "id": 75,
      "name": "Maratonul Nordului - Teioasa Trail",
      "location": "Darabani",
      "county": "BT",
      "year_2026": "Sun 9-Aug",
      "year_2025": "Sun 3-Aug",
      "year_2024": "Sun 4-Aug",
      "year_2023": "Sun 6-Aug"
    },
    {
      "id": 300,
      "name": "Maratonul Olteniei",
      "location": "Râmnicu Vâlcea",
      "county": "VL",
      "year_2026": "",
      "year_2025": "Sun 31-Aug",
      "year_2024": "Sun 25-Aug",
      "year_2023": "Sun 27-Aug"
    },
    {
      "id": 121,
      "name": "Maratonul Sarii",
      "location": "Târgu Ocna",
      "county": "BC",
      "year_2026": "Sat 13-Jun",
      "year_2025": "Sat 14-Jun",
      "year_2024": "",
      "year_2023": ""
    },
    {
      "id": 81,
      "name": "Maratonul Târnavei",
      "location": "Târnăveni",
      "county": "MS",
      "year_2026": "Sat 20-Jun",
      "year_2025": "Sat 14-Jun",
      "year_2024": "Sun 16-Jun",
      "year_2023": "Sun 18-Jun"
    },
    {
      "id": 118,
      "name": "Marea provocare de mișcare",
      "location": "Sfântu Gheorghe",
      "county": "CV",
      "year_2026": "Fri 5-Jun",
      "year_2025": "Fri 30-May",
      "year_2024": "Sat 1-Jun",
      "year_2023": ""
    },
    {
      "id": 71,
      "name": "Măcin Mountain Fun",
      "location": "Greci",
      "county": "TL",
      "year_2026": "Sat 6-Jun",
      "year_2025": "Sat 31-May",
      "year_2024": "Sat 1-Jun",
      "year_2023": "Sat 10-Jun"
    },
    {
      "id": 306,
      "name": "Mârzeşti Trail Run",
      "location": "Rediu",
      "county": "IS",
      "year_2026": "Sun 4-Oct",
      "year_2025": "Sat 4-Oct",
      "year_2024": "Sat 5-Oct",
      "year_2023": "Sat 30-Sep"
    },
    {
      "id": 198,
      "name": "Medic de 10km",
      "location": "Cluj-Napoca",
      "county": "CJ",
      "year_2026": "",
      "year_2025": "Sun 11-May",
      "year_2024": "",
      "year_2023": ""
    },
    {
      "id": 38,
      "name": "Medieval Trail Race",
      "location": "Șiria",
      "county": "AR",
      "year_2026": "Sat 18-Apr",
      "year_2025": "Sat 26-Apr",
      "year_2024": "Sat 27-Apr",
      "year_2023": "Sat 10-Jun"
    },
    {
      "id": 86,
      "name": "Mogosa Everesting",
      "location": "Baia Sprie",
      "county": "MM",
      "year_2026": "Sat 1-Aug",
      "year_2025": "Sat 2-Aug",
      "year_2024": "Sat 3-Aug",
      "year_2023": "Sat 5-Aug"
    },
    {
      "id": 330,
      "name": "Mogosa Race",
      "location": "Baia Sprie",
      "county": "MM",
      "year_2026": "Sat 19-Sep",
      "year_2025": "Sat 20-Sep",
      "year_2024": "Sat 21-Sep",
      "year_2023": "Sat 9-Sep"
    },
    {
      "id": 302,
      "name": "Moneasa Green Run",
      "location": "Moneasa",
      "county": "AR",
      "year_2026": "",
      "year_2025": "Sun 31-Aug",
      "year_2024": "",
      "year_2023": ""
    },
    {
      "id": 88,
      "name": "Mureș 24H",
      "location": "Târgu Mureș",
      "county": "MS",
      "year_2026": "Sat 8-Aug",
      "year_2025": "Sat 2-Aug",
      "year_2024": "Sat 3-Aug",
      "year_2023": "Sat 29-Jul"
    },
    {
      "id": 25,
      "name": "Mureș Half Marathon",
      "location": "Târgu Mureș",
      "county": "MS",
      "year_2026": "Sun 10-May",
      "year_2025": "Sun 27-Apr",
      "year_2024": "Sun 12-May",
      "year_2023": "Sun 7-May"
    },
    {
      "id": 117,
      "name": "Obciniada Night Run",
      "location": "Gura Humorului",
      "county": "SV",
      "year_2026": "Sat 23-May",
      "year_2025": "Sat 14-Jun",
      "year_2024": "",
      "year_2023": ""
    },
    {
      "id": 291,
      "name": "Oltenia Forest Run - Baile Govora",
      "location": "Baile Govora",
      "county": "VL",
      "year_2026": "Sun 16-Aug",
      "year_2025": "Sun 17-Aug",
      "year_2024": "",
      "year_2023": ""
    },
    {
      "id": 94,
      "name": "Omu Marathon",
      "location": "Bran",
      "county": "BV",
      "year_2026": "Sat 19-Sep",
      "year_2025": "Sat 20-Sep",
      "year_2024": "Sat 21-Sep",
      "year_2023": "Sat 16-Sep"
    },
    {
      "id": 6,
      "name": "Oradea City Running Day",
      "location": "Oradea",
      "county": "BH",
      "year_2026": "Sun 20-Sep",
      "year_2025": "Sun 21-Sep",
      "year_2024": "Sun 22-Sep",
      "year_2023": "Sun 17-Sep"
    },
    {
      "id": 30,
      "name": "Oradea City Trail",
      "location": "Oradea",
      "county": "BH",
      "year_2026": "",
      "year_2025": "Sat 25-Jan",
      "year_2024": "Sat 10-Feb",
      "year_2023": ""
    },
    {
      "id": 321,
      "name": "Oradea Run Fest",
      "location": "Oradea",
      "county": "BH",
      "year_2026": "",
      "year_2025": "Sat 13-Sep",
      "year_2024": "",
      "year_2023": ""
    },
    {
      "id": 295,
      "name": "Oslea Run",
      "location": "Uricani",
      "county": "HD",
      "year_2026": "Sat 29-Aug",
      "year_2025": "Sat 23-Aug",
      "year_2024": "Sat 24-Aug",
      "year_2023": "Sat 26-Aug"
    },
    {
      "id": 154,
      "name": "OVB Charity Run",
      "location": "Cluj-Napoca",
      "county": "CJ",
      "year_2026": "Sat 5-Dec",
      "year_2025": "Sat 13-Dec",
      "year_2024": "",
      "year_2023": ""
    },
    {
      "id": 122,
      "name": "Pedala in Banie",
      "location": "Podari",
      "county": "DJ",
      "year_2026": "Sun 14-Jun",
      "year_2025": "Sun 15-Jun",
      "year_2024": "Sun 16-Jun",
      "year_2023": "Sun 4-Jun"
    },
    {
      "id": 172,
      "name": "Peniel Run",
      "location": "Bistrița",
      "county": "BN",
      "year_2026": "",
      "year_2025": "Sat 22-Mar",
      "year_2024": "",
      "year_2023": ""
    },
    {
      "id": 130,
      "name": "Pe-un picior de Plai",
      "location": "Dumbravita",
      "county": "TM",
      "year_2026": "Sun 13-Sep",
      "year_2025": "Sat 13-Sep",
      "year_2024": "Sat 14-Sep",
      "year_2023": "Sat 9-Sep"
    },
    {
      "id": 138,
      "name": "Pitești Half Marathon",
      "location": "Pitești",
      "county": "AG",
      "year_2026": "Sun 17-May",
      "year_2025": "Sun 25-May",
      "year_2024": "Sun 19-May",
      "year_2023": "Sun 7-May"
    },
    {
      "id": 97,
      "name": "Porolissum Trail",
      "location": "Moigrad",
      "county": "SJ",
      "year_2026": "Sat 26-Sep",
      "year_2025": "Sat 11-Oct",
      "year_2024": "Sat 12-Oct",
      "year_2023": "Sat 14-Oct"
    },
    {
      "id": 83,
      "name": "Predeal Forest Run",
      "location": "Predeal",
      "county": "BV",
      "year_2026": "Sat 11-Jul",
      "year_2025": "Sat 12-Jul",
      "year_2024": "Sat 13-Jul",
      "year_2023": "Sat 8-Jul"
    },
    {
      "id": 28,
      "name": "Primavera Trail Race",
      "location": "Șuncuiuș",
      "county": "BH",
      "year_2026": "Sat 14-Mar",
      "year_2025": "Sat 29-Mar",
      "year_2024": "Sat 23-Mar",
      "year_2023": "Sat 25-Mar"
    },
    {
      "id": 256,
      "name": "Race for the Cure Romania",
      "location": "București",
      "county": "B",
      "year_2026": "Mon 15-Jun",
      "year_2025": "Sun 15-Jun",
      "year_2024": "Sat 8-Jun",
      "year_2023": ""
    },
    {
      "id": 17,
      "name": "Râșnov Medieval Run",
      "location": "Râșnov",
      "county": "BV",
      "year_2026": "",
      "year_2025": "Sat 30-Aug",
      "year_2024": "Sat 31-Aug",
      "year_2023": "Sat 2-Sep"
    },
    {
      "id": 177,
      "name": "Reșița Stairs Challenge",
      "location": "Reșița",
      "county": "CS",
      "year_2026": "",
      "year_2025": "Sat 5-Apr",
      "year_2024": "Sat 30-Mar",
      "year_2023": "Sat 1-Apr"
    },
    {
      "id": 87,
      "name": "Retezat Mountain Run",
      "location": "Râu de Mori",
      "county": "HD",
      "year_2026": "Sat 8-Aug",
      "year_2025": "Sat 9-Aug",
      "year_2024": "Sat 10-Aug",
      "year_2023": ""
    },
    {
      "id": 249,
      "name": "Retezat SkyRace",
      "location": "Uricani",
      "county": "HD",
      "year_2026": "Sat 13-Jun",
      "year_2025": "Sat 14-Jun",
      "year_2024": "Sat 15-Jun",
      "year_2023": "Sat 17-Jun"
    },
    {
      "id": 82,
      "name": "Rodnei Sky Race",
      "location": "Borșa",
      "county": "MM",
      "year_2026": "Sat 27-Jun",
      "year_2025": "Sat 28-Jun",
      "year_2024": "Sat 6-Jul",
      "year_2023": "Sat 1-Jul"
    },
    {
      "id": 246,
      "name": "Romanați Trail Run",
      "location": "Caracal",
      "county": "OT",
      "year_2026": "",
      "year_2025": "Sat 7-Jun",
      "year_2024": "Sat 11-May",
      "year_2023": "Sat 6-May"
    },
    {
      "id": 15,
      "name": "Rombat Trail Run",
      "location": "Bistrița",
      "county": "BN",
      "year_2026": "Sun 13-Sep",
      "year_2025": "Sat 13-Sep",
      "year_2024": "Sat 14-Sep",
      "year_2023": "Sat 30-Sep"
    },
    {
      "id": 80,
      "name": "Roșia Montană Marathon",
      "location": "Roșia Montană",
      "county": "AB",
      "year_2026": "Sat 20-Jun",
      "year_2025": "Sun 22-Jun",
      "year_2024": "Sat 22-Jun",
      "year_2023": "Sat 24-Jun"
    },
    {
      "id": 189,
      "name": "RotaRun for Charity - Cluj",
      "location": "Cluj-Napoca",
      "county": "CJ",
      "year_2026": "",
      "year_2025": "Sat 26-Apr",
      "year_2024": "Sat 27-Apr",
      "year_2023": "Sat 29-Apr"
    },
    {
      "id": 254,
      "name": "Run for Heroes",
      "location": "București",
      "county": "B",
      "year_2026": "",
      "year_2025": "Sun 15-Jun",
      "year_2024": "",
      "year_2023": ""
    },
    {
      "id": 308,
      "name": "Run Iași",
      "location": "Iași",
      "county": "IS",
      "year_2026": "Sun 1-Nov",
      "year_2025": "Sun 26-Oct",
      "year_2024": "",
      "year_2023": ""
    },
    {
      "id": 215,
      "name": "Run To The Hills",
      "location": "Crasna (SJ)",
      "county": "SJ",
      "year_2026": "",
      "year_2025": "Sat 24-May",
      "year_2024": "Sat 29-Jun",
      "year_2023": "Sun 3-Sep"
    },
    {
      "id": 268,
      "name": "Runfest - Cernica-Pantelimon",
      "location": "Cernica",
      "county": "IF",
      "year_2026": "",
      "year_2025": "Sun 6-Jul",
      "year_2024": "",
      "year_2023": ""
    },
    {
      "id": 269,
      "name": "Runfest - Moara Vlasiei",
      "location": "Moara Vlasiei",
      "county": "IF",
      "year_2026": "",
      "year_2025": "Sun 19-Oct",
      "year_2024": "",
      "year_2023": ""
    },
    {
      "id": 317,
      "name": "Running Festival Csikszereda",
      "location": "Miercurea Ciuc",
      "county": "HR",
      "year_2026": "",
      "year_2025": "Sat 13-Sep",
      "year_2024": "Sat 14-Sep",
      "year_2023": "Sat 16-Sep"
    },
    {
      "id": 116,
      "name": "S24H",
      "location": "Timișoara",
      "county": "TM",
      "year_2026": "Sat 23-May",
      "year_2025": "Sat 24-May",
      "year_2024": "",
      "year_2023": "Sat 20-May"
    },
    {
      "id": 185,
      "name": "Sălciua Trail Run",
      "location": "Sălciua",
      "county": "CJ",
      "year_2026": "Sat 2-May",
      "year_2025": "Sat 26-Apr",
      "year_2024": "Sat 27-Apr",
      "year_2023": "Sat 29-Apr"
    },
    {
      "id": 43,
      "name": "Săruni Trail Race",
      "location": "Zlatna",
      "county": "AB",
      "year_2026": "Sat 28-Mar",
      "year_2025": "Sat 29-Mar",
      "year_2024": "",
      "year_2023": ""
    },
    {
      "id": 157,
      "name": "Scorilo Sky Race",
      "location": "Zavoi (CS)",
      "county": "CS",
      "year_2026": "",
      "year_2025": "Sat 30-Aug",
      "year_2024": "Sat 31-Aug",
      "year_2023": "Sat 26-Aug"
    },
    {
      "id": 158,
      "name": "Scorilo Winter Trail",
      "location": "Zavoi (CS)",
      "county": "CS",
      "year_2026": "Sun 1-Mar",
      "year_2025": "Sun 2-Mar",
      "year_2024": "Sun 3-Mar",
      "year_2023": ""
    },
    {
      "id": 3,
      "name": "Semimaraton Brașov",
      "location": "Brașov",
      "county": "BV",
      "year_2026": "Sat 4-Apr",
      "year_2025": "Sat 12-Apr",
      "year_2024": "Sat 6-Apr",
      "year_2023": "Sat 8-Apr"
    },
    {
      "id": 93,
      "name": "Semimaraton Brăila",
      "location": "Brăila",
      "county": "BR",
      "year_2026": "Sun 13-Sep",
      "year_2025": "Sun 21-Sep",
      "year_2024": "Sun 22-Sep",
      "year_2023": "Sun 24-Sep"
    },
    {
      "id": 135,
      "name": "Semimaraton Călărași",
      "location": "Călărași",
      "county": "CL",
      "year_2026": "Sat 17-Oct",
      "year_2025": "Sat 18-Oct",
      "year_2024": "Sat 5-Oct",
      "year_2023": "Sun 8-Oct"
    },
    {
      "id": 186,
      "name": "Semimaraton Fetești",
      "location": "Fetești",
      "county": "IL",
      "year_2026": "Sat 16-May",
      "year_2025": "Sat 24-May",
      "year_2024": "Sat 25-May",
      "year_2023": "Sat 20-May"
    },
    {
      "id": 23,
      "name": "Semimaraton Galați",
      "location": "Galați",
      "county": "GL",
      "year_2026": "Sun 24-May",
      "year_2025": "Sun 25-May",
      "year_2024": "Sun 26-May",
      "year_2023": "Sun 21-May"
    },
    {
      "id": 31,
      "name": "Semimaraton Gerar",
      "location": "București",
      "county": "B",
      "year_2026": "Sat 31-Jan",
      "year_2025": "Sat 1-Feb",
      "year_2024": "Sat 27-Jan",
      "year_2023": "Sat 28-Jan"
    },
    {
      "id": 4,
      "name": "Semimaraton Iași",
      "location": "Iași",
      "county": "IS",
      "year_2026": "Sun 26-Apr",
      "year_2025": "Sun 27-Apr",
      "year_2024": "Sun 21-Apr",
      "year_2023": "Sun 23-Apr"
    },
    {
      "id": 139,
      "name": "Semimaraton Pe Argeș in Jos",
      "location": "Pitești",
      "county": "AG",
      "year_2026": "Sun 13-Dec",
      "year_2025": "Sun 14-Dec",
      "year_2024": "Sun 15-Dec",
      "year_2023": "Sun 10-Dec"
    },
    {
      "id": 205,
      "name": "Semimaraton Portile Deltei Tulcea",
      "location": "Tulcea",
      "county": "TL",
      "year_2026": "",
      "year_2025": "Sat 17-May",
      "year_2024": "",
      "year_2023": "Sun 9-Jul"
    },
    {
      "id": 61,
      "name": "Semimaraton Timotion",
      "location": "Timișoara",
      "county": "TM",
      "year_2026": "Sun 10-May",
      "year_2025": "Sun 11-May",
      "year_2024": "Sun 12-May",
      "year_2023": "Sun 28-May"
    },
    {
      "id": 273,
      "name": "Semimaraton Țara de Piatră",
      "location": "Campeni",
      "county": "AB",
      "year_2026": "",
      "year_2025": "Sun 13-Jul",
      "year_2024": "Sun 14-Jul",
      "year_2023": "Sun 16-Jul"
    },
    {
      "id": 67,
      "name": "Semimaratonul Casa Bună Sânpetru",
      "location": "Sânpetru",
      "county": "BV",
      "year_2026": "Sun 24-May",
      "year_2025": "Sat 24-May",
      "year_2024": "Sat 25-May",
      "year_2023": "Sat 8-Jul"
    },
    {
      "id": 13,
      "name": "Semimaratonul Craiovei",
      "location": "Craiova",
      "county": "DJ",
      "year_2026": "",
      "year_2025": "Sat 15-Nov",
      "year_2024": "Sat 2-Nov",
      "year_2023": "Sat 4-Nov"
    },
    {
      "id": 65,
      "name": "Semimaratonul Eroilor Invictus - Bistrița",
      "location": "Bistrița",
      "county": "BN",
      "year_2026": "Sat 23-May",
      "year_2025": "Sat 31-May",
      "year_2024": "Sat 15-Jun",
      "year_2023": "Sat 27-May"
    },
    {
      "id": 201,
      "name": "Semimaratonul Siretului Ilie Roșu",
      "location": "Adjud",
      "county": "VN",
      "year_2026": "",
      "year_2025": "Sun 11-May",
      "year_2024": "",
      "year_2023": ""
    },
    {
      "id": 327,
      "name": "Sepsi Inst. Run",
      "location": "Sfantu Gheorghe",
      "county": "CV",
      "year_2026": "",
      "year_2025": "Fri 19-Sep",
      "year_2024": "Sat 21-Sep",
      "year_2023": ""
    },
    {
      "id": 72,
      "name": "Sepsi Run",
      "location": "Sfântu Gheorghe",
      "county": "CV",
      "year_2026": "Sat 13-Jun",
      "year_2025": "Sat 14-Jun",
      "year_2024": "",
      "year_2023": ""
    },
    {
      "id": 324,
      "name": "Sighisoara 10k",
      "location": "Sighisoara",
      "county": "MS",
      "year_2026": "",
      "year_2025": "Sun 14-Sep",
      "year_2024": "",
      "year_2023": ""
    },
    {
      "id": 125,
      "name": "Sinaia Mountain Run",
      "location": "Sinaia",
      "county": "PH",
      "year_2026": "Sat 27-Jun",
      "year_2025": "",
      "year_2024": "",
      "year_2023": ""
    },
    {
      "id": 33,
      "name": "SKV Night Run",
      "location": "Brașov",
      "county": "BV",
      "year_2026": "Fri 6-Feb",
      "year_2025": "Sat 8-Feb",
      "year_2024": "Sat 3-Feb",
      "year_2023": "Sat 4-Feb"
    },
    {
      "id": 34,
      "name": "SKV Vertical Race - Winter",
      "location": "Brașov",
      "county": "BV",
      "year_2026": "Sat 7-Feb",
      "year_2025": "Sat 15-Feb",
      "year_2024": "Sat 10-Feb",
      "year_2023": "Sat 28-Jan"
    },
    {
      "id": 315,
      "name": "Sopa Forest Race",
      "location": "Selimbar",
      "county": "SB",
      "year_2026": "",
      "year_2025": "Sun 7-Sep",
      "year_2024": "",
      "year_2023": ""
    },
    {
      "id": 8,
      "name": "SportGuru Timișoara 21k",
      "location": "Timișoara",
      "county": "TM",
      "year_2026": "Sun 8-Mar",
      "year_2025": "Sun 9-Mar",
      "year_2024": "Sun 17-Mar",
      "year_2023": "Sun 26-Mar"
    },
    {
      "id": 79,
      "name": "Sports Festival Cluj",
      "location": "Cluj-Napoca",
      "county": "CJ",
      "year_2026": "Sun 14-Jun",
      "year_2025": "Sun 15-Jun",
      "year_2024": "Sun 16-Jun",
      "year_2023": "Sun 4-Jun"
    },
    {
      "id": 235,
      "name": "Stafeta Impreuna 1x100",
      "location": "Timișoara",
      "county": "TM",
      "year_2026": "",
      "year_2025": "Sun 1-Jun",
      "year_2024": "",
      "year_2023": ""
    },
    {
      "id": 287,
      "name": "Stafeta Prieteniei IPA",
      "location": "Drobeta Turnu-Severin",
      "county": "MH",
      "year_2026": "",
      "year_2025": "Sun 31-Aug",
      "year_2024": "Sat 10-Aug",
      "year_2023": ""
    },
    {
      "id": 267,
      "name": "Stana de Vale Trail Race",
      "location": "Stana de Vale",
      "county": "BH",
      "year_2026": "Sat 11-Jul",
      "year_2025": "Sat 5-Jul",
      "year_2024": "",
      "year_2023": ""
    },
    {
      "id": 320,
      "name": "StruguRUN",
      "location": "Odobesti",
      "county": "VN",
      "year_2026": "",
      "year_2025": "Sat 13-Sep",
      "year_2024": "",
      "year_2023": ""
    },
    {
      "id": 58,
      "name": "Subcarpați Trail Run",
      "location": "Cocorastii Mislii",
      "county": "PH",
      "year_2026": "Sat 9-May",
      "year_2025": "Sat 10-May",
      "year_2024": "Sat 11-May",
      "year_2023": "Sat 6-May"
    },
    {
      "id": 301,
      "name": "Szenes Trail",
      "location": "Lupeni (HR)",
      "county": "HR",
      "year_2026": "",
      "year_2025": "Sat 30-Aug",
      "year_2024": "",
      "year_2023": ""
    },
    {
      "id": 279,
      "name": "Szent Gellert Cross",
      "location": "Ditrau",
      "county": "HR",
      "year_2026": "",
      "year_2025": "Sun 20-Jul",
      "year_2024": "Sun 21-Jul",
      "year_2023": "Sun 23-Jul"
    },
    {
      "id": 39,
      "name": "Șiria Vertical Loop 2h",
      "location": "Șiria",
      "county": "AR",
      "year_2026": "Sat 19-Sep",
      "year_2025": "Sat 20-Sep",
      "year_2024": "Sat 21-Sep",
      "year_2023": "Sat 23-Sep"
    },
    {
      "id": 37,
      "name": "Șiria Winter Trail",
      "location": "Șiria",
      "county": "AR",
      "year_2026": "Sat 21-Feb",
      "year_2025": "Sat 22-Feb",
      "year_2024": "Sat 24-Feb",
      "year_2023": "Sat 25-Feb"
    },
    {
      "id": 115,
      "name": "Team Challenge Cros - Timișoara",
      "location": "Timișoara",
      "county": "TM",
      "year_2026": "Wed 13-May",
      "year_2025": "Wed 2-Apr",
      "year_2024": "",
      "year_2023": ""
    },
    {
      "id": 101,
      "name": "Team Up & Run",
      "location": "Timișoara",
      "county": "TM",
      "year_2026": "Sat 28-Feb",
      "year_2025": "Sat 15-Feb",
      "year_2024": "Sat 2-Mar",
      "year_2023": "Sat 18-Feb"
    },
    {
      "id": 196,
      "name": "Teleki Trail",
      "location": "Sovata",
      "county": "MS",
      "year_2026": "",
      "year_2025": "Sat 10-May",
      "year_2024": "Sat 29-Jun",
      "year_2023": "Sat 23-Sep"
    },
    {
      "id": 109,
      "name": "The Color Run - București - Spring",
      "location": "București",
      "county": "B",
      "year_2026": "Sat 25-Apr",
      "year_2025": "Sat 12-Apr",
      "year_2024": "Sat 20-Apr",
      "year_2023": "Sat 22-Apr"
    },
    {
      "id": 110,
      "name": "The Color Run - Cluj-Napoca",
      "location": "Cluj-Napoca",
      "county": "CJ",
      "year_2026": "Sat 16-May",
      "year_2025": "Sat 10-May",
      "year_2024": "Sat 18-May",
      "year_2023": "Sat 6-May"
    },
    {
      "id": 112,
      "name": "The Color Run - Iași",
      "location": "Iași",
      "county": "IS",
      "year_2026": "Sat 13-Jun",
      "year_2025": "Sat 14-Jun",
      "year_2024": "Sat 15-Jun",
      "year_2023": "Sat 10-Jun"
    },
    {
      "id": 114,
      "name": "The Color Run - Mamaia",
      "location": "Constanța",
      "county": "CT",
      "year_2026": "",
      "year_2025": "Sat 2-Aug",
      "year_2024": "Sat 27-Jul",
      "year_2023": "Sat 29-Jul"
    },
    {
      "id": 111,
      "name": "The Color Run - Timișoara",
      "location": "Timișoara",
      "county": "TM",
      "year_2026": "Sat 23-May",
      "year_2025": "Sat 17-May",
      "year_2024": "Sat 25-May",
      "year_2023": "Sat 20-May"
    },
    {
      "id": 113,
      "name": "The Color Run Night - București - Autumn",
      "location": "București",
      "county": "B",
      "year_2026": "",
      "year_2025": "Sat 13-Sep",
      "year_2024": "Sat 14-Sep",
      "year_2023": "Sat 16-Sep"
    },
    {
      "id": 60,
      "name": "Thermal Trail Race",
      "location": "Baile 1 Mai",
      "county": "BH",
      "year_2026": "Sat 9-May",
      "year_2025": "Sat 10-May",
      "year_2024": "Sat 11-May",
      "year_2023": "Sat 13-May"
    },
    {
      "id": 100,
      "name": "Timișoara City Marathon",
      "location": "Timișoara",
      "county": "TM",
      "year_2026": "Sun 25-Oct",
      "year_2025": "Sun 26-Oct",
      "year_2024": "Sun 27-Oct",
      "year_2023": "Sun 22-Oct"
    },
    {
      "id": 325,
      "name": "Tinca Cross",
      "location": "Tinca",
      "county": "BH",
      "year_2026": "",
      "year_2025": "Sun 14-Sep",
      "year_2024": "",
      "year_2023": ""
    },
    {
      "id": 66,
      "name": "Tour de Tur",
      "location": "Orasu Nou",
      "county": "SM",
      "year_2026": "Sat 23-May",
      "year_2025": "Sat 4-Oct",
      "year_2024": "Sat 18-May",
      "year_2023": "Sat 20-May"
    },
    {
      "id": 305,
      "name": "Trail la Cabana",
      "location": "Ciurea",
      "county": "IS",
      "year_2026": "Sun 20-Sep",
      "year_2025": "Sat 20-Sep",
      "year_2024": "Sat 21-Sep",
      "year_2023": "Sat 16-Sep"
    },
    {
      "id": 313,
      "name": "Transmaraton (Bucegi)",
      "location": "Moroeni",
      "county": "DB",
      "year_2026": "",
      "year_2025": "Sun 7-Sep",
      "year_2024": "Sun 8-Sep",
      "year_2023": ""
    },
    {
      "id": 314,
      "name": "Transmaraton (Transfagarasan)",
      "location": "Arefu",
      "county": "AG",
      "year_2026": "",
      "year_2025": "",
      "year_2024": "",
      "year_2023": "Sun 10-Sep"
    },
    {
      "id": 63,
      "name": "Transylvania 100",
      "location": "Bran",
      "county": "BV",
      "year_2026": "Sat 23-May",
      "year_2025": "Sat 24-May",
      "year_2024": "Sat 25-May",
      "year_2023": "Sat 27-May"
    },
    {
      "id": 266,
      "name": "Transylvania 6 Days",
      "location": "Reghin",
      "county": "MS",
      "year_2026": "",
      "year_2025": "Sun 29-Jun",
      "year_2024": "",
      "year_2023": "Mon 26-Jun"
    },
    {
      "id": 59,
      "name": "Trăscău Trail Run",
      "location": "Rimetea",
      "county": "AB",
      "year_2026": "Sat 9-May",
      "year_2025": "",
      "year_2024": "",
      "year_2023": "Sat 23-Sep"
    },
    {
      "id": 144,
      "name": "Trofeul Dragoneilor",
      "location": "Moroeni",
      "county": "DB",
      "year_2026": "Sat 18-Jul",
      "year_2025": "",
      "year_2024": "",
      "year_2023": ""
    },
    {
      "id": 107,
      "name": "TTR Backyard Ultra",
      "location": "Chiajna",
      "county": "IF",
      "year_2026": "Fri 17-Apr",
      "year_2025": "",
      "year_2024": "",
      "year_2023": ""
    },
    {
      "id": 126,
      "name": "Tura Licuricilor",
      "location": "Timișoara",
      "county": "TM",
      "year_2026": "Sat 1-Aug",
      "year_2025": "Sat 2-Aug",
      "year_2024": "Sat 3-Aug",
      "year_2023": ""
    },
    {
      "id": 247,
      "name": "Turnu Rosu Challenge",
      "location": "Turnu Rosu",
      "county": "SB",
      "year_2026": "Sat 16-May",
      "year_2025": "Sun 8-Jun",
      "year_2024": "Sat 12-Oct",
      "year_2023": "Sun 15-Oct"
    },
    {
      "id": 197,
      "name": "Tusnad Marathon",
      "location": "Baile Tusnad",
      "county": "HR",
      "year_2026": "",
      "year_2025": "Sat 10-May",
      "year_2024": "Sat 11-May",
      "year_2023": "Sat 13-May"
    },
    {
      "id": 48,
      "name": "Ultra Race 24h Galați",
      "location": "Tulucești",
      "county": "GL",
      "year_2026": "Sat 4-Apr",
      "year_2025": "Sat 22-Mar",
      "year_2024": "Sat 20-Apr",
      "year_2023": "Sat 1-Apr"
    },
    {
      "id": 127,
      "name": "Ultra Race Romania",
      "location": "Lunca Jariștei",
      "county": "BZ",
      "year_2026": "Mon 3-Aug",
      "year_2025": "Tue 5-Aug",
      "year_2024": "",
      "year_2023": ""
    },
    {
      "id": 263,
      "name": "Ultra Zarand - Căsoaia",
      "location": "Căsoaia",
      "county": "AR",
      "year_2026": "",
      "year_2025": "Sat 18-Oct",
      "year_2024": "Sat 19-Oct",
      "year_2023": "Sat 21-Oct"
    },
    {
      "id": 264,
      "name": "Ultra Zarand Everesting - Căsoaia",
      "location": "Căsoaia",
      "county": "AR",
      "year_2026": "",
      "year_2025": "Sun 14-Dec",
      "year_2024": "Sun 22-Dec",
      "year_2023": "Fri 15-Dec"
    },
    {
      "id": 262,
      "name": "Ultra Zarand History - Soimos",
      "location": "Soimos",
      "county": "AR",
      "year_2026": "",
      "year_2025": "Sat 28-Jun",
      "year_2024": "Sat 29-Jun",
      "year_2023": "Sat 1-Jul"
    },
    {
      "id": 68,
      "name": "Ultrabug",
      "location": "Fundu Moldovei",
      "county": "SV",
      "year_2026": "Fri 29-May",
      "year_2025": "Fri 30-May",
      "year_2024": "Fri 31-May",
      "year_2023": "Fri 9-Jun"
    },
    {
      "id": 176,
      "name": "Ultramaraton Galați 24",
      "location": "Galați",
      "county": "GL",
      "year_2026": "Sat 5-Sep",
      "year_2025": "Sat 5-Apr",
      "year_2024": "Sat 20-Apr",
      "year_2023": "Sat 1-Apr"
    },
    {
      "id": 128,
      "name": "Underdogs - The Backyard Ultra",
      "location": "Brebu",
      "county": "PH",
      "year_2026": "Fri 28-Aug",
      "year_2025": "Fri 29-Aug",
      "year_2024": "Sat 24-Aug",
      "year_2023": ""
    },
    {
      "id": 275,
      "name": "Up to Postavaru",
      "location": "Brașov",
      "county": "BV",
      "year_2026": "Sun 26-Jul",
      "year_2025": "Sun 20-Jul",
      "year_2024": "",
      "year_2023": "Sat 22-Jul"
    },
    {
      "id": 105,
      "name": "Uphill Running Championship - Make it Back! (liga Fire)",
      "location": "Bencecu de Jos",
      "county": "TM",
      "year_2026": "",
      "year_2025": "Sat 3-May",
      "year_2024": "",
      "year_2023": ""
    },
    {
      "id": 104,
      "name": "Uphill Running Championship - Make it Back! (liga Fun)",
      "location": "Bencecu de Jos",
      "county": "TM",
      "year_2026": "",
      "year_2025": "Sat 12-Apr",
      "year_2024": "",
      "year_2023": ""
    },
    {
      "id": 103,
      "name": "Uphill Running Championship (URC) - Bencec Rolling Hills",
      "location": "Bencecu de Jos",
      "county": "TM",
      "year_2026": "Sat 21-Mar",
      "year_2025": "Sat 22-Mar",
      "year_2024": "",
      "year_2023": ""
    },
    {
      "id": 119,
      "name": "Urlea Super Vertical",
      "location": "Breaza (BV)",
      "county": "BV",
      "year_2026": "Sat 6-Jun",
      "year_2025": "",
      "year_2024": "",
      "year_2023": ""
    },
    {
      "id": 54,
      "name": "Urme pe Play",
      "location": "Rășinari",
      "county": "SB",
      "year_2026": "Sat 25-Apr",
      "year_2025": "Sat 26-Apr",
      "year_2024": "Sun 28-Apr",
      "year_2023": "Sat 8-Apr"
    },
    {
      "id": 98,
      "name": "UVT Liberty Marathon Timișoara",
      "location": "Timișoara",
      "county": "TM",
      "year_2026": "Sun 27-Sep",
      "year_2025": "Sun 28-Sep",
      "year_2024": "Sun 29-Sep",
      "year_2023": "Sun 1-Oct"
    },
    {
      "id": 250,
      "name": "Velocrosul Castanilor",
      "location": "Floresti Prahova",
      "county": "PH",
      "year_2026": "",
      "year_2025": "Sat 14-Jun",
      "year_2024": "Sat 19-Oct",
      "year_2023": ""
    },
    {
      "id": 133,
      "name": "Veverita Night Run",
      "location": "Vatra Dornei",
      "county": "SV",
      "year_2026": "Sat 3-Oct",
      "year_2025": "",
      "year_2024": "Sat 5-Oct",
      "year_2023": "Sat 15-Jul"
    },
    {
      "id": 331,
      "name": "Via Bacovia Trail",
      "location": "Luizi Călugara",
      "county": "BC",
      "year_2026": "",
      "year_2025": "Sat 20-Sep",
      "year_2024": "",
      "year_2023": ""
    },
    {
      "id": 311,
      "name": "Via Pontica",
      "location": "Limanu",
      "county": "CT",
      "year_2026": "Sun 6-Sep",
      "year_2025": "Sun 7-Sep",
      "year_2024": "",
      "year_2023": ""
    },
    {
      "id": 90,
      "name": "Via Transilvanica Maraton",
      "location": "Piatra Fântânele",
      "county": "BN",
      "year_2026": "Sat 22-Aug",
      "year_2025": "Sat 23-Aug",
      "year_2024": "Sat 24-Aug",
      "year_2023": "Sat 26-Aug"
    },
    {
      "id": 159,
      "name": "Vladeasa Winter Trail",
      "location": "Săcuieu",
      "county": "CJ",
      "year_2026": "",
      "year_2025": "Sun 2-Mar",
      "year_2024": "Sun 18-Feb",
      "year_2023": "Sun 19-Feb"
    },
    {
      "id": 312,
      "name": "Vrancea Montana Run",
      "location": "Paulesti",
      "county": "VN",
      "year_2026": "Sun 30-Aug",
      "year_2025": "Sat 30-Aug",
      "year_2024": "Sun 1-Sep",
      "year_2023": "Sun 27-Aug"
    },
    {
      "id": 35,
      "name": "Winter Run Vâlcea – Buridava",
      "location": "Ocnele Mari",
      "county": "VL",
      "year_2026": "Sat 7-Feb",
      "year_2025": "Sat 8-Feb",
      "year_2024": "Sat 3-Feb",
      "year_2023": "Sat 11-Feb"
    },
    {
      "id": 36,
      "name": "Winter Run Vâlcea – Crosul Salinei Ocnele Mari",
      "location": "Ocnele Mari",
      "county": "VL",
      "year_2026": "",
      "year_2025": "Sun 9-Feb",
      "year_2024": "Sun 4-Feb",
      "year_2023": "Sun 12-Feb"
    },
    {
      "id": 56,
      "name": "Wizz Air Bucharest International Half Marathon",
      "location": "București",
      "county": "B",
      "year_2026": "Sun 26-Apr",
      "year_2025": "Sun 27-Apr",
      "year_2024": "Sun 21-Apr",
      "year_2023": "Sun 23-Apr"
    },
    {
      "id": 2,
      "name": "Wizz Air Cluj-Napoca Marathon",
      "location": "Cluj-Napoca",
      "county": "CJ",
      "year_2026": "Sun 29-Mar",
      "year_2025": "Sun 6-Apr",
      "year_2024": "Sun 14-Apr",
      "year_2023": "Sun 2-Apr"
    },
    {
      "id": 238,
      "name": "Wolf's Run",
      "location": "Oravita",
      "county": "CS",
      "year_2026": "",
      "year_2025": "Sun 1-Jun",
      "year_2024": "",
      "year_2023": ""
    },
    {
      "id": 40,
      "name": "Woodland Series - Trail run",
      "location": "Săldăbagiu de Munte",
      "county": "BH",
      "year_2026": "Sat 21-Mar",
      "year_2025": "Sat 22-Mar",
      "year_2024": "Sat 13-Apr",
      "year_2023": "Sat 1-Apr"
    },
    {
      "id": 129,
      "name": "Woodrocks Trail Run",
      "location": "Petris",
      "county": "AR",
      "year_2026": "Sat 12-Sep",
      "year_2025": "Sat 13-Sep",
      "year_2024": "",
      "year_2023": ""
    },
    {
      "id": 285,
      "name": "Xiaomi Pop Run",
      "location": "București",
      "county": "B",
      "year_2026": "",
      "year_2025": "Sun 27-Jul",
      "year_2024": "",
      "year_2023": ""
    },
    {
      "id": 70,
      "name": "X-RUN Oradea",
      "location": "Oradea",
      "county": "BH",
      "year_2026": "Sat 6-Jun",
      "year_2025": "Sat 7-Jun",
      "year_2024": "Sat 8-Jun",
      "year_2023": "Sat 17-Jun"
    },
    {
      "id": 14,
      "name": "Zalău Ultra Trail",
      "location": "Zalău",
      "county": "SJ",
      "year_2026": "Fri 10-Jul",
      "year_2025": "Sat 12-Jul",
      "year_2024": "Sat 3-Aug",
      "year_2023": ""
    },
    {
      "id": 188,
      "name": "Zalău Ultra Trail - Last Man Standing",
      "location": "Zalău",
      "county": "SJ",
      "year_2026": "Sat 3-Oct",
      "year_2025": "Sat 4-Oct",
      "year_2024": "",
      "year_2023": ""
    },
    {
      "id": 131,
      "name": "Zavoi Trail Run Comana",
      "location": "Comana",
      "county": "GR",
      "year_2026": "Sun 13-Sep",
      "year_2025": "Sat 27-Sep",
      "year_2024": "",
      "year_2023": ""
    },
    {
      "id": 195,
      "name": "Ziua de alergare Gall Lajos",
      "location": "Reci",
      "county": "CV",
      "year_2026": "",
      "year_2025": "Sat 10-May",
      "year_2024": "Sat 4-May",
      "year_2023": "Sat 22-Apr"
    },
    {
      "id": 191,
      "name": "Zmeu X-Fest",
      "location": "Câmpulung Moldovenesc",
      "county": "SV",
      "year_2026": "",
      "year_2025": "Sat 3-May",
      "year_2024": "",
      "year_2023": ""
    },
    {
      "id": 281,
      "name": "Zynir Bike & Run",
      "location": "Seini",
      "county": "MM",
      "year_2026": "",
      "year_2025": "Sat 26-Jul",
      "year_2024": "Sun 14-Jul",
      "year_2023": ""
    }
  ],
  "competitions_moldova": [
    {
      "name": "Border Marathon",
      "location": "Ungheni",
      "year_2026": "",
      "year_2025": "Sat 12-Jul",
      "year_2024": "Sat 8-Jun",
      "year_2023": ""
    },
    {
      "name": "Chișinău 10 km Night Run",
      "location": "Chișinău",
      "year_2026": "Sat 27-Jun",
      "year_2025": "Sat 28-Jun",
      "year_2024": "",
      "year_2023": ""
    },
    {
      "name": "Chișinău Half Maraton",
      "location": "Chișinău",
      "year_2026": "Sun 26-Apr",
      "year_2025": "Sun 13-Apr",
      "year_2024": "",
      "year_2023": ""
    },
    {
      "name": "Chișinău Maraton",
      "location": "Chișinău",
      "year_2026": "Sun 27-Sep",
      "year_2025": "Sun 14-Sep",
      "year_2024": "Sun 29-Sep",
      "year_2023": "Sun 24-Sep"
    },
    {
      "name": "Cros caritabil Alerg pentru mama - Chișinău",
      "location": "Chișinău",
      "year_2026": "Sun 8-Mar",
      "year_2025": "Sun 9-Mar",
      "year_2024": "",
      "year_2023": ""
    },
    {
      "name": "Ecovzor Trail Tour",
      "location": "Chișinău",
      "year_2026": "",
      "year_2025": "Sun 8-Jun",
      "year_2024": "",
      "year_2023": ""
    },
    {
      "name": "Legal Half-Marathon - Chișinău",
      "location": "Chișinău",
      "year_2026": "",
      "year_2025": "Sun 11-May",
      "year_2024": "Sun 26-May",
      "year_2023": ""
    },
    {
      "name": "Love Run Fest",
      "location": "Cricova",
      "year_2026": "",
      "year_2025": "Sat 15-Feb",
      "year_2024": "Sat 24-Feb",
      "year_2023": ""
    },
    {
      "name": "Maraton 100000 de pași",
      "location": "Chișinău",
      "year_2026": "",
      "year_2025": "Sat 10-May",
      "year_2024": "",
      "year_2023": ""
    },
    {
      "name": "Maratonul de Craciun - Chișinău",
      "location": "Chișinău",
      "year_2026": "Sun 13-Dec",
      "year_2025": "Sat 13-Dec",
      "year_2024": "Sat 14-Dec",
      "year_2023": "Sat 16-Dec"
    },
    {
      "name": "Maratonul Dragonul de Aur",
      "location": "Trebujeni",
      "year_2026": "Sat 29-Aug",
      "year_2025": "Sat 6-Sep",
      "year_2024": "Sat 14-Sep",
      "year_2023": ""
    },
    {
      "name": "Mileștii Mici Winerun",
      "location": "Mileștii Mici",
      "year_2026": "Sat 14-Mar",
      "year_2025": "Sat 15-Mar",
      "year_2024": "Sat 2-Mar",
      "year_2023": "Sat 11-Mar"
    },
    {
      "name": "Rubicon",
      "location": "Chisinau - București",
      "year_2026": "",
      "year_2025": "Fri 28-Feb",
      "year_2024": "Fri 22-Mar",
      "year_2023": "Fri 3-Feb"
    },
    {
      "name": "Spira Mîței",
      "location": "Coșnița",
      "year_2026": "",
      "year_2025": "Sat 12-Apr",
      "year_2024": "",
      "year_2023": ""
    },
    {
      "name": "TulbuRun la Asconi Winery",
      "location": "Chisinau",
      "year_2026": "Sat 10-Oct",
      "year_2025": "Sat 11-Oct",
      "year_2024": "Sat 12-Oct",
      "year_2023": ""
    },
    {
      "name": "Volvo Ultra Race",
      "location": "Ulmu",
      "year_2026": "Sat 2-May",
      "year_2025": "Sat 31-May",
      "year_2024": "",
      "year_2023": ""
    }
  ],
  "competitions_other": [
    {
      "name": "Aleargă România",
      "year_2026": "Thu 1-Jan",
      "year_2025": "Wed 1-Jan",
      "year_2024": "Mon 1-Jan",
      "year_2023": "Sun 1-Jan"
    },
    {
      "name": "Cursa Imposibilă",
      "year_2026": "Sun 25-Oct",
      "year_2025": "Sun 26-Oct",
      "year_2024": "",
      "year_2023": ""
    },
    {
      "name": "Wings for Life World Run",
      "year_2026": "Sun 10-May",
      "year_2025": "",
      "year_2024": "",
      "year_2023": ""
    }
  ]
}